﻿<?xml version="1.0" encoding="utf-8"?>
<AWDRIP>
  <transaction>
    <field name="UNIT" value="MPF" />
    <field name="WRKT" value="ADDINFO" />
    <field name="STAT" value="CREATED" />
    <field name="CHNL" value="EMAIL" />
    <field name="SUBL" value="RE: UAT Email in issue_Encoder--testing 012" />
    <field name="SUB2" value="" />
    <field name="EMSD" value="vivi.x.p.liang@hsbc.com.cn" />
    <field name="RDAT" value="2018-11-02" />
    <field name="RSUQ" value="" />
    <source>
      <field name="UNIT" value="MPF" />
      <field name="OBJT" value="EMAILBODY" />
      <field name="EXTN" value="EML" />
      <field name="^SPT" value="N" />
      <path name="D:\HSBCeMail\EE175FB5D8A05E773A5B2056A8019C4E_000$EMAILBODY.EML" />
    </source>
  </transaction>
</AWDRIP>